kind	tr098	tr181	type	note
prefix	InternetGatewayDevice.Device.	Device.	A	TR-181 branches the product grafted under IGD.Device. (IP, PPP, DHCPv6, DynamicDNS, RouterAdvertisement, IP.Diagnostics.TraceRoute)
leaf	InternetGatewayDevice.Device.IP.Diagnostics.TraceRoute.RouteHops.{i}.HopHost	Device.IP.Diagnostics.TraceRoute.RouteHops.{i}.Host	A	TR-181 leaf name; the product kept the TR-098 one in its grafted branch
leaf	InternetGatewayDevice.Device.IP.Diagnostics.TraceRoute.RouteHops.{i}.HopHostAddress	Device.IP.Diagnostics.TraceRoute.RouteHops.{i}.HostAddress	A	TR-181 leaf name
leaf	InternetGatewayDevice.Device.IP.Diagnostics.TraceRoute.RouteHops.{i}.HopErrorCode	Device.IP.Diagnostics.TraceRoute.RouteHops.{i}.ErrorCode	A	TR-181 leaf name
leaf	InternetGatewayDevice.Device.IP.Diagnostics.TraceRoute.RouteHops.{i}.HopRTTTimes	Device.IP.Diagnostics.TraceRoute.RouteHops.{i}.RTTimes	A	TR-181 leaf name (the product spells HopRTTTimes)
leaf	InternetGatewayDevice.CaptivePortal.CaptivePortalURL	Device.CaptivePortal.URL	A	TR-181 leaf name
prefix	InternetGatewayDevice.DeviceInfo.	Device.DeviceInfo.	A	same getters, deviceinfo_mtk.c
leaf	InternetGatewayDevice.DeviceInfo.DeviceLog	-	D	TR-181 has DeviceInfo.VendorLogFile.{i}, not DeviceLog
prefix	InternetGatewayDevice.ManagementServer.	Device.ManagementServer.	A	same tables, managementserver_core_mtk.c + managementserver_mtk.c
prefix	InternetGatewayDevice.Time.	Device.Time.	A	time_mtk.c
leaf	InternetGatewayDevice.Time.LocalTimeZoneName	Device.Time.LocalTimeZone	B	city name (TR-098) vs POSIX TZ of that city (TR-181), same write path; values differ by design
leaf	InternetGatewayDevice.Time.LocalTimeZone	-	D	TR-098 UTC offset form; TR-181 LocalTimeZone is the POSIX TZ
leaf	InternetGatewayDevice.Time.DaylightSavingsStart	-	D	TR-181 keeps the DST rules in LocalTimeZone
leaf	InternetGatewayDevice.Time.DaylightSavingsEnd	-	D	TR-181 keeps the DST rules in LocalTimeZone
leaf	InternetGatewayDevice.Time.DaylightSavingsUsed	-	D	TR-181 keeps the DST rules in LocalTimeZone
prefix	InternetGatewayDevice.UserInterface.	Device.UserInterface.	A	CarrierLocking and X_AIS_WebUserInfo are product/operator objects
prefix	InternetGatewayDevice.Account.	Device.Account.	C	product object without vendor prefix, kept as the ACS knows it
prefix	InternetGatewayDevice.XMPP.	Device.XMPP.	A	xmpp_mtk.c
prefix	InternetGatewayDevice.Services.	Device.Services.	A	STBService, StorageService
prefix	InternetGatewayDevice.SelfTestDiagnostics.	Device.SelfTestDiagnostics.	A	placeholder of the product
prefix	InternetGatewayDevice.FaultMgmt.	Device.FaultMgmt.	A	placeholder of the product
prefix	InternetGatewayDevice.BulkData.	Device.BulkData.	A	placeholder of the product
prefix	InternetGatewayDevice.SoftwareModules.	Device.SoftwareModules.	A	placeholder of the product
prefix	InternetGatewayDevice.CaptivePortal.	Device.CaptivePortal.	A	placeholder of the product
prefix	InternetGatewayDevice.FAP.	Device.FAP.	A	placeholder of the product
prefix	InternetGatewayDevice.USBHosts.	Device.USB.USBHosts.	A	one level lower in TR-181
prefix	InternetGatewayDevice.User.	Device.Users.User.	A	one level lower in TR-181
prefix	InternetGatewayDevice.X_AIS_	Device.X_AIS_	C	operator objects at the root, same tables
leaf	InternetGatewayDevice.X_HNI_Icwmp.DataModel	Device.X_HNI_Icwmp.DataModel	B	the model switch itself: tr098 in one tree, tr181 in the other
prefix	InternetGatewayDevice.X_HNI_Icwmp.	Device.X_HNI_Icwmp.	A	icwmpd's own settings, root181_mtk.c
leaf	InternetGatewayDevice.DeviceSummary	-	D	TR-181 reports Device.RootDataModelVersion
new	-	Device.RootDataModelVersion	A	TR-181 only, root181_mtk.c
prefix	InternetGatewayDevice.LANDevice.{i}.	?	T3	LANDevice rows not mapped below are Wi-Fi (WLANConfiguration, X_AIS_Mesh, X-AIS_ TransmitPower, LANWLANConfigurationNumberOfEntries)
prefix	InternetGatewayDevice.LANDevice.{i}.LANHostConfigManagement.	Device.DHCPv4.Server.Pool.{i}.	A	lan_mtk.c, one pool like the one LANDevice; same getters/setters
leaf	InternetGatewayDevice.LANDevice.{i}.LANHostConfigManagement.DHCPServerEnable	Device.DHCPv4.Server.Pool.{i}.Enable	A	dhcp.lan.dynamicdhcp
leaf	InternetGatewayDevice.LANDevice.{i}.LANHostConfigManagement.DHCPLeaseTime	Device.DHCPv4.Server.Pool.{i}.LeaseTime	A	TR-181 leaf name
leaf	InternetGatewayDevice.LANDevice.{i}.LANHostConfigManagement.DHCPStaticAddressNumberOfEntries	Device.DHCPv4.Server.Pool.{i}.StaticAddressNumberOfEntries	A	0, no instance (as TR-098)
leaf	InternetGatewayDevice.LANDevice.{i}.LANHostConfigManagement.DHCPOptionNumberOfEntries	Device.DHCPv4.Server.Pool.{i}.OptionNumberOfEntries	A	0, no instance (as TR-098)
leaf	InternetGatewayDevice.LANDevice.{i}.LANHostConfigManagement.MACAddress	-	D	TR-181 has it on Ethernet.Link.{i}.MACAddress; Ethernet.Link is not built (T7 with the LowerLayers references)
leaf	InternetGatewayDevice.LANDevice.{i}.LANHostConfigManagement.DHCPServerConfigurable	-	D	product lock of the LAN pool, no TR-181 counterpart
leaf	InternetGatewayDevice.LANDevice.{i}.LANHostConfigManagement.DHCPRelay	-	D	constant false; TR-181 DHCPv4.Relay is its own object
leaf	InternetGatewayDevice.LANDevice.{i}.LANHostConfigManagement.UseAllocatedWAN	-	D	TR-098 only
leaf	InternetGatewayDevice.LANDevice.{i}.LANHostConfigManagement.AssociatedConnection	-	D	TR-098 only
leaf	InternetGatewayDevice.LANDevice.{i}.LANHostConfigManagement.PassthroughLease	-	D	TR-098 only
leaf	InternetGatewayDevice.LANDevice.{i}.LANHostConfigManagement.PassthroughMACAddress	-	D	TR-098 only
leaf	InternetGatewayDevice.LANDevice.{i}.LANHostConfigManagement.AllowedMACAddresses	-	D	TR-098 only
leaf	InternetGatewayDevice.LANDevice.{i}.LANHostConfigManagement.IPInterfaceNumberOfEntries	-	D	TR-181 counts addresses per IP.Interface (IPv4AddressNumberOfEntries, from netifd)
leaf	InternetGatewayDevice.LANDevice.{i}.LANHostConfigManagement.DHCPConditionalPoolNumberOfEntries	-	D	TR-181 pools are DHCPv4.Server.Pool.{i}
prefix	InternetGatewayDevice.LANDevice.{i}.LANHostConfigManagement.IPInterface.	Device.IP.Interface.{lan}.IPv4Address.	A	the LAN address: IPv4Address.1 of the IP.Interface of network.lan ({lan} = its ip_int_instance)
leaf	InternetGatewayDevice.LANDevice.{i}.LANHostConfigManagement.IPInterface.{i}.IPInterfaceIPAddress	Device.IP.Interface.{lan}.IPv4Address.{i2}.IPAddress	A	TR-181 leaf name
leaf	InternetGatewayDevice.LANDevice.{i}.LANHostConfigManagement.IPInterface.{i}.IPInterfaceSubnetMask	Device.IP.Interface.{lan}.IPv4Address.{i2}.SubnetMask	A	TR-181 leaf name
leaf	InternetGatewayDevice.LANDevice.{i}.LANHostConfigManagement.IPInterface.{i}.IPInterfaceAddressingType	Device.IP.Interface.{lan}.IPv4Address.{i2}.AddressingType	A	TR-181 leaf name
leaf	InternetGatewayDevice.LANDevice.{i}.LANHostConfigManagement.IPInterface.{i}.Enable	Device.IP.Interface.{lan}.IPv4Address.{i2}.Enable	B	TR-098 answers a "false" placeholder, TR-181 true (the LAN address is always on)
prefix	InternetGatewayDevice.LANDevice.{i}.LANEthernetInterfaceConfig.	Device.Ethernet.Interface.	A	laneth_mtk.c, the same four ports in the same order
leaf	InternetGatewayDevice.LANDevice.{i}.LANEthernetInterfaceConfig.{i}.Status	Device.Ethernet.Interface.{i2}.Status	B	TR-181 enumeration: NoLink/Disable -> Down
leaf	InternetGatewayDevice.LANDevice.{i}.LANEthernetInterfaceConfig.{i}.MaxBitRate	Device.Ethernet.Interface.{i2}.MaxBitRate	B	TR-181 int, -1 = Auto
leaf	InternetGatewayDevice.LANDevice.{i}.LANEthernetInterfaceConfig.{i}.MACAddressControlEnabled	-	D	TR-098 only
leaf	InternetGatewayDevice.LANDevice.{i}.LANEthernetInterfaceNumberOfEntries	Device.Ethernet.InterfaceNumberOfEntries	B	TR-181 counts the instances (4), TR-098 the eth members of br-lan
leaf	InternetGatewayDevice.LANDevice.{i}.LANUSBInterfaceNumberOfEntries	-	D	constant 0; Device.USB is the hidden placeholder of the product
prefix	InternetGatewayDevice.LANDevice.{i}.Hosts.	Device.Hosts.	A	lanhosts_mtk.c, the same lanhost sections in the same order
leaf	InternetGatewayDevice.LANDevice.{i}.Hosts.Host.{i}.MACAddress	Device.Hosts.Host.{i2}.PhysAddress	A	TR-181 leaf name
leaf	InternetGatewayDevice.LANDevice.{i}.Hosts.Host.{i}.Layer2Interface	Device.Hosts.Host.{i2}.Layer1Interface	B	TR-181 path reference (Device.Ethernet.Interface.n, Device.WiFi.SSID.n) instead of the TR-098 object path
leaf	InternetGatewayDevice.LANDevice.{i}.Hosts.Host.{i}.InterfaceType	-	D	dropped in TR-181 (Layer1Interface tells the medium)
new	-	Device.DHCPv4.Server.PoolNumberOfEntries	A	lan_mtk.c
new	-	Device.DHCPv4.Server.Pool.{i}.Interface	A	lan_mtk.c, Device.IP.Interface of network.lan
new	-	Device.Ethernet.Interface.{i}.Upstream	A	laneth_mtk.c, false
new	-	Device.Hosts.Host.{i}.Layer3Interface	A	lanhosts_mtk.c, Device.IP.Interface of network.lan
prefix	InternetGatewayDevice.LANDevice.{i}.WLANConfiguration.	?	T3	WiFi.Radio/SSID/AccessPoint
prefix	InternetGatewayDevice.LANDevice.{i}.X_AIS_Mesh.	?	T3	Device.WiFi.X_AIS_Mesh
prefix	InternetGatewayDevice.LANDevice.{i}.X-AIS_	?	T3	WiFi.Radio.{r}.TransmitPower
prefix	InternetGatewayDevice.LANDevice.{i}.LANWLANConfigurationNumberOfEntries	?	T3	WiFi.SSIDNumberOfEntries
prefix	InternetGatewayDevice.Layer2Bridging.	-	D	objects only, no parameter in the product; TR-181 Bridging.Bridge built when an ACS needs it (T7)
prefix	InternetGatewayDevice.WiFi.	?	T3	WiFi.NeighboringWiFiDiagnostic
prefix	InternetGatewayDevice.WANDevice.	?	T4	IP.Interface WAN, PPP, DHCPv4/v6 Client, NAT, Routing, DNS, Ethernet/Optical
prefix	InternetGatewayDevice.Layer3Forwarding.	?	T4	Routing.Router.1.IPv4Forwarding
prefix	InternetGatewayDevice.IPPingDiagnostics.	?	T5	IP.Diagnostics.IPPing
prefix	InternetGatewayDevice.TraceRouteDiagnostics.	?	T5	IP.Diagnostics.TraceRoute
prefix	InternetGatewayDevice.DownloadDiagnostics.	?	T5	IP.Diagnostics.DownloadDiagnostics
prefix	InternetGatewayDevice.UploadDiagnostics.	?	T5	IP.Diagnostics.UploadDiagnostics
prefix	InternetGatewayDevice.NSLookupDiagnostics.	?	T5	DNS.Diagnostics.NSLookupDiagnostics
prefix	InternetGatewayDevice.DNSDiagnostics.	?	T5	product diagnostics
prefix	InternetGatewayDevice.Firewall.	?	T5	Firewall.X_AIS_*
prefix	InternetGatewayDevice.LTE.	?	T5	Cellular
prefix	InternetGatewayDevice.DOCSIS.	-	D	no TR-181 counterpart, static values of the product
