epoch,pid,rss_kb,fds,threads,dm_sh_rss_kb,memavail_kb,ok,fail,get_s,get_lines
1791216164,10407,5344,15,11,3924,134176,3,0,15,1740
1791216479,10407,5344,15,11,3928,134316,3,0,16,1740
1791216795,10407,5344,15,11,3928,134476,3,0,16,1740
1791217111,10407,5344,14,11,3928,134412,3,0,15,1740
1791217426,10407,5344,15,11,3928,134580,3,0,16,1740
1791217742,10407,5344,14,11,3928,134748,3,0,15,1740
1791218058,10407,5344,15,11,3928,134432,3,0,15,1740
1791218373,10407,5344,15,11,3928,134188,3,0,16,1740
1791218689,10407,5344,14,11,3928,134468,3,0,15,1740
1791219004,10407,5344,15,11,3928,134528,3,0,16,1740
1791219320,10407,5344,15,11,3928,134508,3,0,16,1740
1791219636,10407,5344,15,11,3928,134136,3,0,15,1740
1791219951,10407,5344,14,11,3928,133872,3,0,16,1740
1791220267,10407,5344,14,11,3928,134060,3,0,16,1740
1791220583,10407,5344,14,11,3928,134584,3,0,16,1740
1791220899,10407,5344,15,11,3928,134824,3,0,16,1740
1791221215,10407,5344,15,11,3928,134512,3,0,16,1740
1791221531,10407,5344,15,11,3928,134492,3,0,16,1740
1791221847,10407,5344,15,11,3928,134476,3,0,15,1740
1791222162,10407,5344,15,11,3928,134312,3,0,16,1740
1791222478,10407,5344,15,11,3928,134160,3,0,16,1740
1791222794,10407,5344,14,11,3928,134272,3,0,15,1740
1791223109,10407,5344,15,11,3928,134108,3,0,16,1740
1791223425,10407,5344,15,11,3928,134132,3,0,16,1740
1791223741,10407,5344,15,11,3928,134116,3,0,15,1740
1791224056,10407,5344,15,11,3928,134088,3,0,16,1740
1791224372,10407,5344,14,11,3928,134100,3,0,15,1740
1791224687,10407,5344,15,11,3928,134192,3,0,16,1740
1791225003,10407,5344,15,11,3928,134028,3,0,15,1740
1791225318,10407,5344,15,11,3928,134200,3,0,16,1740
1791225634,10407,5344,15,11,3928,134028,3,0,15,1740
1791225950,10407,5344,14,11,3928,134128,3,0,15,1740
1791226265,10407,5344,15,11,3928,133856,3,0,16,1740
1791226581,10407,5344,15,11,3928,134024,3,0,15,1740
1791226896,10407,5344,15,11,3928,134036,3,0,16,1740
1791227212,10407,5344,15,11,3928,133896,3,0,15,1740
1791227528,10407,5344,14,11,3928,134164,3,0,15,1740
1791227844,10407,5344,15,11,3928,133788,3,0,15,1740
1791228159,10407,5344,15,11,3928,134000,3,0,16,1740
1791228475,10407,5344,15,11,3928,134152,3,0,16,1740
1791228791,10407,5344,15,11,3928,133716,3,0,16,1740
1791229107,10407,5344,15,11,3928,133488,3,0,18,1740
1791229425,10407,5344,14,11,3928,133440,3,0,16,1740
1791229741,10407,5344,15,11,3928,133596,3,0,15,1740
1791230056,10407,5344,15,11,3928,133496,3,0,16,1740
1791230372,10407,5344,15,11,3928,133392,3,0,15,1740
1791230688,10407,5344,15,11,3928,133712,3,0,15,1740
1791231003,10407,5344,15,11,3928,133368,3,0,16,1740
1791231319,10407,5344,15,11,3928,133264,3,0,16,1740
1791231635,10407,5344,15,11,3928,133648,3,0,16,1740
1791231951,10407,5344,15,11,3928,133576,3,0,15,1740
1791232267,10407,5344,15,11,3928,133404,3,0,15,1740
1791232582,10407,5344,15,11,3928,133456,3,0,16,1740
1791232898,10407,5344,15,11,3928,133664,3,0,16,1740
1791233214,10407,5344,15,11,3928,133764,3,0,15,1740
1791233529,10407,5344,15,11,3928,133744,3,0,16,1740
1791233845,10407,5344,14,11,3928,133504,3,0,16,1740
1791234161,10407,5344,15,11,3928,133124,3,0,15,1740
1791234476,10407,5344,15,11,3928,133504,3,0,16,1740
1791234792,10407,5344,15,11,3928,133388,3,0,16,1740
1791235108,10407,5344,15,11,3928,133796,3,0,15,1740
1791235423,10407,5344,15,11,3928,133328,3,0,16,1740
1791235739,10407,5344,15,11,3928,133804,3,0,16,1740
1791236055,10407,5344,15,11,3928,133448,3,0,15,1740
1791236371,10407,5344,15,11,3928,133440,3,0,15,1740
1791236686,10407,5344,14,11,3928,133148,3,0,15,1740
1791237002,10407,5344,15,11,3928,133300,3,0,15,1740
1791237317,10407,5344,15,11,3928,133444,3,0,16,1740
1791237633,10407,5344,15,11,3928,132968,3,0,16,1740
1791237949,10407,5344,15,11,3928,132860,3,0,16,1740
1791238265,10407,5344,15,11,3928,133144,3,0,15,1740
1791238580,10407,5344,15,11,3928,132788,3,0,16,1740
1791238896,10407,5344,15,11,3928,133176,3,0,16,1740
1791239212,10407,5344,15,11,3928,133036,3,0,16,1740
1791239528,10407,5344,15,11,3928,133108,3,0,16,1740
1791239844,10407,5344,15,11,3928,132652,3,0,16,1740
1791240160,10407,5344,15,11,3928,133068,3,0,15,1740
1791240476,10407,5344,15,11,3928,132936,3,0,15,1740
1791240791,10407,5344,15,11,3928,132964,3,0,16,1740
1791241107,10407,5344,15,11,3928,133104,3,0,15,1740
1791241422,10407,5344,15,11,3928,132900,3,0,16,1740
1791241738,10407,5344,14,11,3928,133000,3,0,16,1740
1791242054,10407,5348,15,11,3928,132296,3,0,15,1740
1791242370,10407,5348,15,11,3928,131896,3,0,18,1740
1791242688,10407,5352,15,11,3928,131600,4,0,16,1740
1791243004,10407,5352,15,11,3928,131612,4,0,16,1740
1791243320,10407,5352,15,11,3928,131480,4,0,15,1740
1791243636,10407,5352,15,11,3928,131584,4,0,15,1740
1791243952,10407,5352,15,11,3928,131596,4,0,15,1740
1791244267,10407,5352,15,11,3928,131384,4,0,16,1740
1791244583,10407,5352,15,11,3928,131352,4,0,16,1740
1791244899,10407,5352,15,11,3928,131724,4,0,16,1740
1791245215,10407,5352,15,11,3928,131820,4,0,16,1740
1791245531,10407,5352,15,11,3928,132068,4,0,15,1740
1791245847,10407,5352,15,11,3928,131932,4,0,15,1740
1791246162,10407,5352,15,11,3928,131288,4,0,16,1740
1791246478,10407,5352,15,11,3928,131544,4,0,16,1740
1791246794,10407,5352,14,11,3928,131576,4,0,16,1740
1791247110,10407,5352,15,11,3928,131588,4,0,16,1740
1791247426,10407,5352,15,11,3928,131592,4,0,16,1740
1791247742,10407,5352,14,11,3928,131248,4,0,16,1740
